"key","en","ru","kz","id","de","env","project"
"chat","Chat","–ß–∞—Ç","–ß–∞—Ç","Obrolan","Chat","","Chat"
"channels","Channels","–ö–∞–Ω–∞–ª—ã","–ê—Ä–Ω–∞–ª–∞—Ä","Channel","Kan√§le","FE","Chat"
"coming_soon","Coming Soon","–°–∫–æ—Ä–æ","–ñ–∞“õ—ã–Ω–¥–∞","Segera Hadir","Demn√§chst","","Chat"
"no_channels_yet","No Channels","–ù–µ—Ç –∫–∞–Ω–∞–ª–æ–≤","–ê—Ä–Ω–∞ –∂–æ“õ","Tidak Ada Channel","Keine Kan√§le","FE","Chat"
"add_channels","Add Channel","–î–æ–±–∞–≤–∏—Ç—å –∫–∞–Ω–∞–ª","–ê—Ä–Ω–∞ “õ–æ—Å—É","Tambah Channel","Kanal hinzuf√ºgen","FE","Chat"
"direct_messages","Direct Messages","–õ–∏—á–Ω—ã–µ —Å–æ–æ–±—â–µ–Ω–∏—è ","–ñ–µ–∫–µ —Ö–∞–±–∞—Ä–ª–∞–º–∞–ª–∞—Ä","Pesan","Direktnachrichten","FE","Chat"
"start_new_message","Start a new message","–ù–∞–ø–∏—Å–∞—Ç—å –Ω–æ–≤–æ–µ —Å–æ–æ–±—â–µ–Ω–∏–µ","–ñ–∞“£–∞ —Ö–∞–±–∞—Ä–ª–∞–º–∞ –∂–∞–∑—É","Tambah Pesan Baru","Eine neue Nachricht schreiben","FE","Chat"
"no_direct_message_yet","No direct messages","–ù–µ—Ç –ª–∏—á–Ω—ã—Ö —Å–æ–æ–±—â–µ–Ω–∏–π","–ñ–µ–∫–µ —Ö–∞–±–∞—Ä–ª–∞–º–∞ –∂–æ“õ","Tidak Ada Pesan","Keine Direktnachrichten","","Chat"
"start_conversation_with","Start your conversation with @. Check out their profile to learn more about them","–ù–∞—á–Ω–∏—Ç–µ –≤–∞—à—É –±–µ—Å–µ–¥—É —Å @. –ü–æ–∑–Ω–∞–∫–æ–º—å—Ç–µ—Å—å –∏—Ö –ø—Ä–æ—Ñ–∏–ª–µ–º, —á—Ç–æ–±—ã —É–∑–Ω–∞—Ç—å –æ –Ω–∏—Ö –±–æ–ª—å—à–µ","@-–º–µ–Ω –¥–∏–∞–ª–æ–≥ –±–∞—Å—Ç–∞“£—ã–∑. –ö”©–±—ñ—Ä–µ–∫ –±—ñ–ª—É “Ø—à—ñ–Ω –ø—Ä–æ—Ñ–∏–ª—ñ–Ω “õ–∞—Ä–∞–ø —à—ã“ì—ã“£—ã–∑. ","Mulai Percakapan dengan @. Lihat profil mereka untuk mempelajari lebih lanjut tentang mereka","Beginnen Sie Ihr Gespr√§ch mit @. Schauen Sie sich ihr Profil an, um mehr √ºber sie zu erfahren","","Chat"
"new_message","New Message","–ù–æ–≤–æ–µ —Å–æ–æ–±—â–µ–Ω–∏–µ","–ñ–∞“£–∞ —Ö–∞–±–∞—Ä–ª–∞–º–∞","Pesan Baru","Neue Nachricht","FE","Chat"
"search_conversation","To: Search for a channel or conversation","–ö–æ–º—É: –ü–æ–∏—Å–∫ –∫–∞–Ω–∞–ª–∞ –∏–ª–∏ –±–µ—Å–µ–¥—ã","–ö—ñ–º–≥–µ: –ê—Ä–Ω–∞ –Ω–µ–º–µ—Å–µ –¥–∏–∞–ª–æ–≥—Ç—ã —ñ–∑–¥–µ—É","Mencari Channel atau Percakapan","Zum: Suche nach einem Kanal oder einem Gespr√§ch","FE","Chat"
"user_you","You","–í—ã","–°—ñ–∑","Anda","Sie","FE","Chat"
"day_today","Today","–°–µ–≥–æ–¥–Ω—è","–ë“Ø–≥—ñ–Ω","Hari ini","Heute","FE","Chat"
"day_yesterday","Yesterday","–í—á–µ—Ä–∞","–ö–µ—à–µ","Kemarin","Gestern","FE","Chat"
"day_monday","Monday","–ü–æ–Ω–µ–¥–µ–ª—å–Ω–∏–∫","–î“Ø–π—Å–µ–Ω–±—ñ","Senin","Montag","","Chat"
"day_tuesday","Tuesday","–í—Ç–æ—Ä–Ω–∏–∫","–°–µ–π—Å–µ–Ω–±—ñ","Selasa","Dienstag","","Chat"
"day_wednesday","Wednesday","–°—Ä–µ–¥–∞","–°”ô—Ä—Å–µ–Ω–±—ñ","Rabu","Mittwoch","","Chat"
"day_thursday","Thursday","–ß–µ—Ç–≤–µ—Ä–≥","–ë–µ–π—Å–µ–Ω–±—ñ","Kamis","Donnerstag","","Chat"
"day_friday","Friday","–ü—è—Ç–Ω–∏—Ü–∞","–ñ“±–º–∞","Jumat","Freitag","","Chat"
"day_saturday","Saturday","–°—É–±–±–æ—Ç–∞","–°–µ–Ω–±—ñ","Sabtu","Samstag","","Chat"
"day_sunday","Sunday","–í–æ—Å–∫—Ä–µ—Å–µ–Ω—å–µ ","–ñ–µ–∫—Å–µ–Ω–±—ñ","Minggu","Sonntag","","Chat"
"month_january","January","–Ø–Ω–≤–∞—Ä—å","“ö–∞“£—Ç–∞—Ä","Januari","Januar","","Chat"
"month_february","February","–§–µ–≤—Ä–∞–ª—å","–ê“õ–ø–∞–Ω","Februari","Februar","","Chat"
"month_march","March","–ú–∞—Ä—Ç","–ù–∞—É—Ä—ã–∑","Maret","M√§rz","","Chat"
"month_april","April","–ê–ø—Ä–µ–ª—å","–°”ô—É—ñ—Ä","April","April","","Chat"
"month_may","May","–ú–∞–π","–ú–∞–º—ã—Ä","Mei","Mai","","Chat"
"month_june","June","–ò—é–Ω—å","–ú–∞—É—Å—ã–º","Juni","Juni","","Chat"
"month_july","July","–ò—é–ª—å","–®—ñ–ª–¥–µ","Juli","Juli","","Chat"
"month_august","August","–ê–≤–≥—É—Å—Ç","–¢–∞–º—ã–∑","Agustus","August","","Chat"
"month_september","September","–°–µ–Ω—Ç—è–±—Ä—å ","“ö—ã—Ä–∫“Ø–π–µ–∫","September","September","","Chat"
"month_october","October","–û–∫—Ç—è–±—Ä—å ","“ö–∞–∑–∞–Ω","Oktober","Oktober","","Chat"
"month_november","November","–ù–æ—è–±—Ä—å","“ö–∞—Ä–∞—à–∞","November","November","","Chat"
"month_december","December","–î–µ–∫–∞–±—Ä—å","–ñ–µ–ª—Ç–æ“õ—Å–∞–Ω","Desember","Dezember","","Chat"
"status_typing","typing...","–ø–µ—á–∞—Ç–∞–µ—Ç...","–∂–∞–∑—ã–ø –∂–∞—Ç—ã—Ä...","Sedang mengetik","Scheibt...","FE","Chat"
"status_edited","edited","–∏–∑–º–µ–Ω–µ–Ω–æ","”©–∑–≥–µ—Ä—Ç—ñ–ª–¥—ñ","Disunting","Bearbeitet","FE","Chat"
"action_reply","Reply","–û—Ç–≤–µ—Ç–∏—Ç—å","–ñ–∞—É–∞–ø –±–µ—Ä—É","Balas","Antworten","FE","Chat"
"action_copy","Copy","–ö–æ–ø–∏—Ä–æ–≤–∞—Ç—å","–ö”©—à—ñ—Ä—É","Salin","Kopieren","FE","Chat"
"action_forward","Forward","–ü–µ—Ä–µ—Å–ª–∞—Ç—å","–ë–∞—Å“õ–∞“ì–∞ –∂–æ–ª–¥–∞—É","Teruskan","Weiterleiten","FE","Chat"
"action_delete","Delete","–£–¥–∞–ª–∏—Ç—å","”®—à—ñ—Ä—É","Hapus","L√∂schen","FE","Chat"
"action_after_replied","Reply to (Diana)","–û—Ç–≤–µ—Ç–∏—Ç—å (–î–∏–∞–Ω–∞)","–ñ–∞—É–∞–ø –±–µ—Ä—É (–î–∏–∞–Ω–∞)","Balas ke (Diana)","(Diana) anworten","","Chat"
"action after_copied","Message copied to clipboard","–°–æ–æ–±—â–µ–Ω–∏–µ —Å–∫–æ–ø–∏—Ä–æ–≤–∞–Ω–æ –≤ –±—É—Ñ–µ—Ä –æ–±–º–µ–Ω–∞","–•–∞–±–∞—Ä–ª–∞–º–∞ –±—É—Ñ–µ—Ä–≥–µ –∫”©—à—ñ—Ä—ñ–ª–¥—ñ","Pesan sudah disalin","Nachricht in die Zwischenablage kopiert","FE","Chat"
"action_clear","Clear","–û—á–∏—Å—Ç–∏—Ç—å","–¢–∞–∑–∞–ª–∞—É","Bersih","L√∂schen","","Chat"
"action_cancel","Cancel","–ó–∞–∫—Ä—ã—Ç—å","–ñ–∞–±—É","Batalkan","Abbrechen","FE","Chat"
"action_select","Select","–í—ã–±—Ä–∞—Ç—å","–¢–∞“£–¥–∞—É","Pilih","Ausw√§hlen","","Chat"
"action_create","Create","–°–æ–∑–¥–∞—Ç—å","–ñ–∞—Å–∞—É","Buat","Erstellen","FE","Chat"
"action_save","Save","–°–æ—Ö—Ä–∞–Ω–∏—Ç—å","–°–∞“õ—Ç–∞—É","Simpan","Speichern","FE","Chat"
"action_confirm","Confirm","–ü–æ–¥—Ç–≤–µ—Ä–¥–∏—Ç—å","–†–∞—Å—Ç–∞—É","Konfirmasi","Best√§tigen","FE","Chat"
"action_add","Add","–î–æ–±–∞–≤–∏—Ç—å","“ö–æ—Å—É","Tambah","Hinzuf√ºgen","FE","Chat"
"action_edit","Edit ","–ò–∑–º–µ–Ω–∏—Ç—å","”®–∑–≥–µ—Ä—Ç—É","Sunting","Bearbeiten","","Chat"
"delete_message","Delete Message","–£–¥–∞–ª–∏—Ç—å —Å–æ–æ–±—â–µ–Ω–∏–µ","–•–∞–±–∞—Ä–ª–∞–º–∞–Ω—ã ”©—à—ñ—Ä—É","Hapus Pesan","Nachricht l√∂schen","","Chat"
"action_undone","Are you sure you want to delete this message? This action cannot be undone","–£–¥–∞–ª–∏—Ç—å —Å–æ–æ–±—â–µ–Ω–∏–µ? –î–µ–π—Å—Ç–≤–∏–µ –Ω–µ–≤–æ–∑–º–æ–∂–Ω–æ –æ—Ç–º–µ–Ω–∏—Ç—å","–•–∞–±–∞—Ä–ª–∞–º–∞–Ω—ã ”©—à—ñ—Ä—É –∫–µ—Ä–µ–∫ –ø–µ? –û–¥–∞–Ω –∫–µ–π—ñ–Ω –ø—Ä–æ—Ü–µ—Å—Ç—ñ —Ç–æ“õ—Ç–∞—Ç—É –º“Ø–º–∫—ñ–Ω –±–æ–ª–º–∞–π–¥—ã","Apakah Kami ingin Menghapus Pesan Ini? Tindakan ini tidak bisa dibatalkan","Sind Sie sicher, dass Sie diese Nachricht l√∂schen m√∂chten? Diese Aktion kann nicht r√ºckg√§ngig gemacht werden","","Chat"
"action_forward_message","Forward Message","–ü–µ—Ä–µ—Å–ª–∞—Ç—å —Å–æ–æ–±—â–µ–Ω–∏–µ","–•–∞–±–∞—Ä–ª–∞–º–∞–Ω—ã –±–∞—Å“õ–∞“ì–∞ –∂–æ–ª–¥–∞—É","Teruskan Pesan","Nachricht weiterleiten","","Chat"
"action_forwarded","Forwarded","–ü–µ—Ä–µ—Å–ª–∞–Ω–Ω–æ–µ","–ñ–æ–ª–¥–∞–Ω“ì–∞–Ω–¥–∞—Ä","Diteruskan","Weitergeleitet","","Chat"
"create_channel","Create channel","–°–æ–∑–¥–∞—Ç—å –∫–∞–Ω–∞–ª","–ê—Ä–Ω–∞ –∞—à—É","Buat Channel","Kanal erstellen","FE","Chat"
"create_private_channel","Create private channel","–°–æ–∑–¥–∞—Ç—å –ø—Ä–∏–≤–∞—Ç–Ω—ã–π –∫–∞–Ω–∞–ª","–ü—Ä–∏–≤–∞—Ç –∞—Ä–Ω–∞ –∞—à—É","Buat Channel Pribadi","Privaten Kanal erstellen","","Chat"
"browse_channels","Browse channels","–ü—Ä–æ—Å–º–æ—Ç—Ä –∫–∞–Ω–∞–ª–æ–≤","–ê—Ä–Ω–∞–ª–∞—Ä–¥—ã “õ–∞—Ä–∞—É","Jelajahi Channel","Kan√§le suchen","FE","Chat"
"channel_name","Private channel name","–ù–∞–∑–≤–∞–Ω–∏–µ –ø—Ä–∏–≤–∞—Ç–Ω–æ–≥–æ –∫–∞–Ω–∞–ª–∞","–ü—Ä–∏–≤–∞—Ç –∞—Ä–Ω–∞ –∞—Ç–∞—É—ã","Nama Channel Pribadi","Name des privaten Kanals","","Chat"
"next","Next","–î–∞–ª–µ–µ","”ò—Ä—ñ “õ–∞—Ä–∞–π","Selanjutnya","Weiter","","Chat"
"back","Back","–ù–∞–∑–∞–¥","–ê—Ä—Ç“õ–∞","Kembali","Zur√ºck","","Chat"
"name","Name","–ò–º—è","–ê—Ç—ã","Nama","Name","","Chat"
"username","@username","@–∏–º—è–ø–æ–ª—å–∑–æ–≤–∞—Ç–µ–ª—è","@username","Nama Pengguna","@Benutzername","","Chat"
"email","name@example.com","–∏–º—è@example.com","name@example.com","nama@contoh.com","name@example.com","","Chat"
"select_all","Select all","–í—ã–±—Ä–∞—Ç—å –≤—Å–µ","–ë”ô—Ä—ñ–Ω —Ç–∞“£–¥–∞—É","Pilih Semua","Alle ausw√§hlen","","Chat"
"write_message","Write a message","–ù–∞–ø–∏—Å–∞—Ç—å —Å–æ–æ–±—â–µ–Ω–∏–µ","–•–∞–±–∞—Ä–ª–∞–º–∞ –∂–∞–∑—É","Tulis Pesan","Eine Nachricht schreiben","","Chat"
"channel_name_exists","Channel with this name already exists","–ö–∞–Ω–∞–ª —Å —Ç–∞–∫–∏–º –Ω–∞–∑–≤–∞–Ω–∏–µ–º —É–∂–µ —Å—É—â–µ—Å—Ç–≤—É–µ—Ç","–ë—ã–ª–∞–π –∞—Ç–∞–ª“ì–∞–Ω –∞—Ä–Ω–∞ –±“±—Ä—ã–Ω–Ω–∞–Ω –±–∞—Ä","Channel dengan nama ini sudah ada","Kanal mit diesem Namen existiert bereits","","Chat"
"photo_size_exceeds","The photo exceeds the maximum photo size","–§–æ—Ç–æ–≥—Ä–∞—Ñ–∏—è –ø—Ä–µ–≤—ã—à–∞–µ—Ç —Ä–∞–∑—Ä–µ—à–µ–Ω–Ω—ã–π —Ä–∞–∑–º–µ—Ä —Ñ–∞–π–ª–∞","–°—É—Ä–µ—Ç —Ä“±“õ—Å–∞—Ç –µ—Ç—ñ–ª–≥–µ–Ω –∫”©–ª–µ–º–Ω–µ–Ω “Ø–ª–∫–µ–Ω","Foto melebihi ukuran foto maksimal","Das Bild √ºberschreitet die maximale Bildgr√∂√üe","","Chat"
"created_channel_beginning","@ created this channel on February 3, 2024. This is the very beginning of the # channel","@ —Å–æ–∑–¥–∞–ª(-–∞) –∫–∞–Ω–∞–ª 3 —Ñ–µ–≤—Ä–∞–ª—è 2024 –≥–æ–¥–∞. –≠—Ç–æ –Ω–∞—á–∞–ª–æ –∫–∞–Ω–∞–ª–∞ #","@ –∞—Ä–Ω–∞–Ω—ã 2024 –∂—ã–ª“ì—ã 3 –∞“õ–ø–∞–Ω–¥–∞ –∞—à“õ–∞–Ω. –ë“±–ª -  # –∞—Ä–Ω–∞–Ω—ã“£ –±–∞—Å—ã ","@ Channel ini dibuat pada tanggal 3 Februari 2024, ini adalah awal dari channel #","@ hat den Kanal am 3. Februar 2024 erstellt. Es ist der Anfang des Kanals #
","","Chat"
"added_channel_members","@ added @ and @ to the private channel","@ –¥–æ–±–∞–≤–∏–ª(-–∞) @ –∏ @ –≤ –ø—Ä–∏–≤–∞—Ç–Ω—ã–π –∫–∞–Ω–∞–ª","@ @ –º–µ–Ω @-–Ω—ã –ø—Ä–∏–≤–∞—Ç –∞—Ä–Ω–∞“ì–∞ “õ–æ—Å—Ç—ã","@ Ditambahkan @ dan @ ke Channel Pribadi","@ hat @ und @ zum privaten Kanal hinzugef√ºgt","","Chat"
"joined_channel_members","@ joined # channel","@ –ø—Ä–∏—Å–æ–µ–¥–∏–Ω–∏–ª—Å—è(-–ª–∞—Å—å) –∫ –∫–∞–Ω–∞–ª—É #","@ # –∞—Ä–Ω–∞—Å—ã–Ω–∞ “õ–æ—Å—ã–ª–¥—ã","@ bergabung # Channel","@ # Kanal beigetreten ","","Chat"
"status_typing_many","@User, @User are typing...","Jack, John –ø–µ—á–∞—Ç–∞—é—Ç...","Jack, John –∂–∞–∑—ã–ø –∂–∞—Ç—ã—Ä...","Jack, John sedang mengetik...","Jack, John schreiben...","","Chat"
"channel_info","Channel info","–ò–Ω—Ñ–æ—Ä–º–∞—Ü–∏—è –æ –∫–∞–Ω–∞–ª–µ","–ê—Ä–Ω–∞ —Ç—É—Ä–∞–ª—ã –∞“õ–ø–∞—Ä–∞—Ç","Informasi Channel","Kanal-Info","","Chat"
"action_mute","Mute","–ë–µ–∑ –∑–≤—É–∫–∞","–•–∞–±–∞—Ä–ª–∞–Ω–¥—ã—Ä—É–¥—ã ”©—à—ñ—Ä—É","Bisu","Stummschalten","FE","Chat"
"action_search","Search","–ü–æ–∏—Å–∫","–Ü–∑–¥–µ—É","Cari","Suche","FE","Chat"
"action_more","More","–ï—â—ë","–¢–∞“ì—ã","Lebih banyak","Mehr","","Chat"
"add_members","Add members","–î–æ–±–∞–≤–∏—Ç—å —É—á–∞—Å—Ç–Ω–∏–∫–æ–≤","“ö–∞—Ç—ã—Å—É—à—ã–ª–∞—Ä “õ–æ—Å—É","Tambah Anggota","Mitglieder hinzuf√ºgen","FE",""
"add_members_to_channel","Add members to {{channel}}","–î–æ–±–∞–≤–∏—Ç—å —É—á–∞—Å—Ç–Ω–∏–∫–æ–≤ –≤ {{channel}}","{{channel}} –∞—Ä–Ω–∞—Å—ã–Ω–∞ “õ–∞—Ç—ã—Å—É—à—ã “õ–æ—Å—É","Tambahkan anggota ke {{channel}}","Mitglieder zu {{channel}} hinzuf√ºgen","FE","Chat"
"owner","Owner","–í–ª–∞–¥–µ–ª–µ—Ü","–ò–µ—Å—ñ","Pemilik","Eigent√ºmer","","Chat"
"admin","Admin","–ê–¥–º–∏–Ω","–ê–¥–º–∏–Ω","Admin","Administrator","","Chat"
"member_one","{{count}} member","{{count}} —É—á–∞—Å—Ç–Ω–∏–∫","{{count}} “õ–∞—Ç—ã—Å—É—à—ã","{{count}} anggota","{{count}} mitglied","FE","Chat"
"member_few","{{count}} members","{{count}} —É—á–∞—Å—Ç–Ω–∏–∫–∞","{{count}} “õ–∞—Ç—ã—Å—É—à—ã","{{count}} anggota","{{count}} mitglieder","FE","Chat"
"member_many","{{count}} members","{{count}} —É—á–∞—Å—Ç–Ω–∏–∫–æ–≤","{{count}} “õ–∞—Ç—ã—Å—É—à—ã","{{count}} anggota","{{count}} mitglieder","FE","Chat"
"member_other","{{count}} members","{{count}} —É—á–∞—Å—Ç–Ω–∏–∫–∏","{{count}} “õ–∞—Ç—ã—Å—É—à—ã","{{count}} anggota","{{count}} mitglieder","",""
"member_plural","{{count}} members","{{count}} —É—á–∞—Å—Ç–Ω–∏–∫–∏","{{count}} “õ–∞—Ç—ã—Å—É—à—ã","{{count}} anggota","{{count}} mitglieder","",""
"members","Members","–£—á–∞—Å—Ç–Ω–∏–∫–∏","“ö–∞—Ç—ã—Å—É—à—ã–ª–∞—Ä","Anggota","Mitglieder","FE","Chat"
"media","Media","–ú–µ–¥–∏–∞","–ú–µ–¥–∏–∞","Media","Medien","FE","Chat"
"files","Files","–§–∞–π–ª—ã","–§–∞–π–ª–¥–∞—Ä","File","Dateien","FE","Chat"
"links","Links","–°—Å—ã–ª–∫–∏","–°—ñ–ª—Ç–µ–º–µ–ª–µ—Ä","Tautan","Links","","Chat"
"actions","Actions","–î–µ–π—Å—Ç–≤–∏—è","”ò—Ä–µ–∫–µ—Ç","Tindakan","Aktionen","","Chat"
"clear_messages","Clear Messages","–û—á–∏—Å—Ç–∏—Ç—å —Å–æ–æ–±—â–µ–Ω–∏—è","–•–∞–±–∞—Ä–ª–∞–º–∞–ª–∞—Ä–¥—ã —Ç–∞–∑–∞—Ä—Ç—É","Hapus Pesan","Nachrichten l√∂schen","","Chat"
"leave_channel","Leave Channel","–ü–æ–∫–∏–Ω—É—Ç—å –∫–∞–Ω–∞–ª","–ê—Ä–Ω–∞–¥–∞–Ω —à—ã“ì—É","Meninggalkan Channel","Kanal verlassen","FE","Chat"
"edit_photo","Edit Photo","–ò–∑–º–µ–Ω–∏—Ç—å —Ñ–æ—Ç–æ","–°—É—Ä–µ—Ç—Ç—ñ ”©–∑–≥–µ—Ä—Ç—É","Sunting Foto","Bild bearbeiten","","Chat"
"done","Done","–ì–æ—Ç–æ–≤–æ","–î–∞–π—ã–Ω","Selesai","Fertig","","Chat"
"view_profile","View profile","–ü–æ—Å–º–æ—Ç—Ä–µ—Ç—å –ø—Ä–æ—Ñ–∏–ª—å ","–ü—Ä–æ—Ñ–∏–ª—å–¥—ñ “õ–∞—Ä–∞—É","Liat Profil","Profil ansehen","","Chat"
"bot_intro_help","Need help?","–ù—É–∂–Ω–∞ –ø–æ–º–æ—â—å?","–ö”©–º–µ–∫ –∫–µ—Ä–µ–∫ –ø–µ?","Butuh bantuan?","Brauchen Sie Hilfe?","FE","Bot"
"bot_intro_here","Bot DAR Vis is here for you.","–ë–æ—Ç DAR Vis –∑–¥–µ—Å—å, —á—Ç–æ–±—ã –ø–æ–º–æ—á—å –≤–∞–º."," DAR Vis –±–æ—Ç—ã —Å—ñ–∑–≥–µ –∫”©–º–µ–∫—Ç–µ—Å—É–≥–µ –¥–∞–π—ã–Ω.","Bot DAR Vis di sini untuk Anda.","Bot DAR Vis ist f√ºr Sie da.","FE","Bot"
"dar_vis","DAR Vis","–î–ê–† –í–∏—Å","DAR Vis","DAR Vis","DAR Vis","FE","Bot"
"hello_dar_vis","üòÑ Hey there! I'm DAR Vis, your virtual AI assistant in the darlean Ecosystem. My goal is to automate your daily tasks, save you time, and boost efficiency. Stay tuned and explore available commands.","üòÑ –ü—Ä–∏–≤–µ—Ç! –Ø –î–ê–† –í–∏—Å ‚Äî –≤–∞—à –≤–∏—Ä—Ç—É–∞–ª—å–Ω—ã–π –ò–ò-–∞—Å—Å–∏—Å—Ç–µ–Ω—Ç –≤ —ç–∫–æ—Å–∏—Å—Ç–µ–º–µ darlean. –ú–æ—è –∑–∞–¥–∞—á–∞ ‚Äî –∞–≤—Ç–æ–º–∞—Ç–∏–∑–∏—Ä–æ–≤–∞—Ç—å –≤–∞—à—É –µ–∂–µ–¥–Ω–µ–≤–Ω—ã–µ –∑–∞–¥–∞—á–∏, —Å—ç–∫–æ–Ω–æ–º–∏—Ç—å –≤—Ä–µ–º—è –∏ –ø–æ–≤—ã—Å–∏—Ç—å —ç—Ñ—Ñ–µ–∫—Ç–∏–≤–Ω–æ—Å—Ç—å. –°–ª–µ–¥–∏—Ç–µ –∑–∞ –æ–±–Ω–æ–≤–ª–µ–Ω–∏—è–º–∏ –∏ –∏–∑—É—á–∞–π—Ç–µ –¥–æ—Å—Ç—É–ø–Ω—ã–µ –∫–æ–º–∞–Ω–¥—ã —É–∂–µ —Å–µ–π—á–∞—Å! ","üòÑ –°”ô–ª–µ–º! –ú–µ–Ω DAR Vis - darlean —ç–∫–æ–∂“Ø–π–µ—Å—ñ–Ω–¥–µ–≥—ñ –ñ–ò –∫”©–º–µ–∫—à—ñ“£—ñ–∑–±—ñ–Ω. –ú–µ–Ω—ñ“£ –º–∞“õ—Å–∞—Ç—ã–º - –∫“Ø–Ω—Ç”ô—Ä—Ç—ñ–±—ñ“£—ñ–∑–¥—ñ –∞–≤—Ç–æ–º–∞—Ç—Ç–∞–Ω–¥—ã—Ä—ã–ø, —É–∞“õ—ã—Ç—ã“£—ã–∑–¥—ã “Ø–Ω–µ–º–¥–µ–ø, ”©–Ω—ñ–º–¥—ñ –∂“±–º—ã—Å —ñ—Å—Ç–µ—É—ñ“£—ñ–∑–≥–µ –∂–∞“ì–¥–∞–π –∂–∞—Å–∞—É. –ë—ñ–∑–±–µ–Ω –±—ñ—Ä–≥–µ –±–æ–ª—ã–ø, “õ–æ–ª–∂–µ—Ç—ñ–º–¥—ñ –∫–æ–º–∞–Ω–¥–∞–ª–∞—Ä–¥—ã “õ–æ–ª–¥–∞–Ω—ã–ø –∫”©—Ä—ñ“£—ñ–∑. ","üòÑ Hai! Saya DAR Vis, asisten AI virtual Anda di DAR Lean Ecosystem. Tujuan saya adalah membantu Anda, dengan otomatisasi tugas sehingga menghemat waktu dan meningkatkan efisiensi. Pantau terus dan jelajahi perintah yang tersedia.","üòÑ Hallo! Ich bin DAR Vis - Ihr virtueller KI-Assistent im DAR Lean √ñkosystem. Mein Ziel ist es, Ihre t√§gliche Routine zu automatisieren, Zeitverschwendung zu minimieren und Ihre Effizienz zu optimieren. Jeden Tag lerne ich etwas Neues von Ihnen. Bleiben Sie bitte dran und probieren Sie die verf√ºgbaren Funktionen aus.","FE","Bot"
"personal_assistant_agent","Personal Assistant","–õ–∏—á–Ω—ã–π –ü–æ–º–æ—â–Ω–∏–∫","–ñ–µ–∫–µ –ö”©–º–µ–∫—à—ñ","Asisten Pribadi","Pers√∂nlicher Assistent","FE","Bot"
"personal_assistant_agent1_description","Optimize your meetings and task organization with our Personal Assistant Agent. Enjoy meeting summaries and seamless task creation.","–û–ø—Ç–∏–º–∏–∑–∏—Ä—É–π—Ç–µ —Å–≤–æ–∏ –≤—Å—Ç—Ä–µ—á–∏ –∏ —É–ø—Ä–∞–≤–ª–µ–Ω–∏–µ –∑–∞–¥–∞—á–∞–º–∏ —Å –ø–æ–º–æ—â—å—é –Ω–∞—à–µ–≥–æ –ª–∏—á–Ω–æ–≥–æ –ø–æ–º–æ—â–Ω–∏–∫–∞-–∞–≥–µ–Ω—Ç–∞. –ù–∞—Å–ª–∞–∂–¥–∞–π—Ç–µ—Å—å —Ä–µ–∑—é–º–µ –≤—Å—Ç—Ä–µ—á –∏ –±—ã—Å—Ç—Ä—ã–º —Å–æ–∑–¥–∞–Ω–∏–µ–º –∑–∞–¥–∞—á","–ñ–µ–∫–µ –ö”©–º–µ–∫—à—ñ –ê–≥–µ–Ω—Ç –∫”©–º–µ–≥—ñ–º–µ–Ω –∫–µ–∑–¥–µ—Å—É–ª–µ—Ä—ñ“£—ñ–∑ –±–µ–Ω —Ç–∞–ø—Å—ã—Ä–º–∞ “±–π—ã–º–¥–∞—Å—Ç—ã—Ä—É–¥—ã –æ“£—Ç–∞–π–ª–∞–Ω–¥—ã—Ä—ã“£—ã–∑. –ö–µ–∑–¥–µ—Å—É —Ö–∞—Ç—Ç–∞–º–∞–ª–∞—Ä—ã –º–µ–Ω —à–µ–∫—Ç–µ—É—Å—ñ–∑ –∂–∞“£–∞ —Ç–∞–ø—Å—ã—Ä–º–∞ –±–∞—Å—Ç–∞—É–¥—ã“£ “õ—ã–∑—ã“ì—ã–Ω –∫”©—Ä—ñ“£—ñ–∑.  ","Optimalkan pertemuan dan pengaturan tugas Anda dengan Agen Asisten Pribadi kami. Nikmati ringkasan rapat dan pembuatan tugas yang lancar.","Optimieren Sie Ihre Besprechungen und Ihr Aufgabenmanagement mit unserem pers√∂nlichen Assistenten, der Besprechungszusammenfassungen und die Erstellung von Aufgaben bietet.","FE","Bot"
"corporate_secretary_title","Corporate Secretary","–ö–æ—Ä–ø–æ—Ä–∞—Ç–∏–≤–Ω—ã–π C–µ–∫—Ä–µ—Ç–∞—Ä—å","–ö–æ—Ä–ø–æ—Ä–∞—Ç–∏–≤ X–∞—Ç—à—ã","Sekretaris Perusahaan","Sekret√§rin des Unternehmens","BE","Bot"
"corporate_secretary_description","Find any document within your system using the contextual search provided by our personal assistant. This feature enables document interaction through an interactive chat. ","–ù–∞—Ö–æ–¥–∏—Ç–µ –ª—é–±–æ–π –¥–æ–∫—É–º–µ–Ω—Ç –≤ –≤–∞—à–µ–π —Å–∏—Å—Ç–µ–º–µ —Å –ø–æ–º–æ—â—å—é –∫–æ–Ω—Ç–µ–∫—Å—Ç–Ω–æ–≥–æ –ø–æ–∏—Å–∫–∞ –Ω–∞—à–µ–≥–æ –ª–∏—á–Ω–æ–≥–æ –ø–æ–º–æ—â–Ω–∏–∫–∞-–∞–≥–µ–Ω—Ç–∞. –û–Ω –ø–æ–∑–≤–æ–ª–∏—Ç –≤–∑–∞–∏–º–æ–¥–µ–π—Å—Ç–≤–æ–≤–∞—Ç—å —Å –¥–æ–∫—É–º–µ–Ω—Ç–∞–º–∏ –≤ –∏–Ω—Ç–µ—Ä–∞–∫—Ç–∏–≤–Ω–æ–º —á–∞—Ç–µ","–ñ–µ–∫–µ –∫”©–º–µ–∫—à—ñ-–∞–≥–µ–Ω—Ç—ñ–º—ñ–∑–¥—ñ“£ –∫–æ–Ω—Ç–µ–∫—Å—Ç —ñ–∑–¥–µ—É—ñ–Ω—ñ“£ –∂”ô—Ä–¥–µ–º—ñ–º–µ–Ω –∂“Ø–π–µ“£—ñ–∑–¥–µ–≥—ñ –∫–µ–∑ –∫–µ–ª–≥–µ–Ω “õ“±–∂–∞—Ç—Ç—ã —Ç–∞–±—ã“£—ã–∑. “ö“±–∂–∞—Ç—Ç–∞—Ä—ã“£—ã–∑–±–µ–Ω –∏–Ω—Ç–µ—Ä–∞–∫—Ç–∏–≤ —á–∞—Ç—Ç–∞ –∂“±–º—ã—Å —ñ—Å—Ç–µ—É–≥–µ –º“Ø–º–∫—ñ–Ω–¥—ñ–∫ –±–µ—Ä–µ–¥—ñ. ","Temukan dokumen apa pun dalam sistem Anda menggunakan pencarian kontekstual yang disediakan oleh asisten pribadi kami. Fitur ini memungkinkan interaksi dokumen melalui obrolan interaktif.","Finden Sie jedes beliebige Dokument in Ihrem System mit Hilfe der kontextbezogenen Suche, die unser pers√∂nlicher Assistent bietet. Diese Funktion erm√∂glicht die Interaktion mit Dokumenten √ºber einen interaktiven Chat.","BE","Bot"
"input_box","Type your message here...","–í–≤–µ–¥–∏—Ç–µ –≤–∞—à–µ —Å–æ–æ–±—â–µ–Ω–∏–µ –∑–¥–µ—Å—å...","–•–∞–±–∞—Ä–ª–∞–º–∞“£—ã–∑–¥—ã –º“±–Ω–¥–∞ —Ç–µ—Ä—ñ“£—ñ–∑...","Ketik pesan Anda di sini...","Geben Sie hier Ihre Nachricht ein...","FE","Bot"
"task_details","Go to details","–ü–µ—Ä–µ–π—Ç–∏ –∫ –¥–µ—Ç–∞–ª—è–º","–î–µ—Ç–∞–ª—å–¥–∞—Ä—ã–Ω –∫”©—Ä—ñ“£—ñ–∑","Pergi ke details","Weiter zu den Details","FE","Bot"
"feedback_thanks","Thank you for your feedback!","–°–ø–∞—Å–∏–±–æ –∑–∞ –≤–∞—à –æ—Ç–∑—ã–≤!","–ü—ñ–∫—ñ—Ä—ñ“£—ñ–∑ “Ø—à—ñ–Ω —Ä–∞—Ö–º–µ—Ç!","Terima kasih atas masukan Anda!","Danke f√ºr Ihr Feedback!","FE","Bot"
"not_authenticated","You are not authenticated","–í—ã –Ω–µ –∞—É—Ç–µ–Ω—Ç–∏—Ñ–∏—Ü–∏—Ä–æ–≤–∞–Ω—ã","–°—ñ–∑ –∞—É—Ç–µ–Ω—Ç–∏—Ñ–∏–∫–∞—Ü–∏—è–ª–∞–Ω“ì–∞–Ω –∂–æ“õ—Å—ã–∑","Anda tidak diautentikasi","Sie sind nicht authentifiziert","FE","Bot"
"bot","Bot","–ë–æ—Ç","–ë–æ—Ç","Bot","Bot","BE","Bot"
"intent_create_task","Create task","–°–æ–∑–¥–∞—Ç—å –∑–∞–¥–∞—á—É","–¢–∞–ø—Å—ã—Ä–º–∞ –±–∞—Å—Ç–∞—É","Buat Tugas","Aufgabe erstellen","BE","Bot"
"intent_meeting_summary","Meeting summary","–†–µ–∑—é–º–µ –≤—Å—Ç—Ä–µ—á–∏","–ö–µ–∑–¥–µ—Å—É –º–∞–∑–º“±–Ω—ã","Ringkasan Pertemuan","Besprechungszusammenfassung","BE","Bot"
"intent_create_meeting","Create meeting","–°–æ–∑–¥–∞—Ç—å –≤—Å—Ç—Ä–µ—á—É","–ö–µ–∑–¥–µ—Å—É “±–π—ã–º–¥–∞—Å—Ç—ã—Ä—É","Membuat pertemuan","Meeting erstellen","BE","Bot"
"my_tasks_status_button","My task status","–°—Ç–∞—Ç—É—Å –º–æ–∏—Ö –∑–∞–¥–∞—á","–¢–∞–ø—Å—ã—Ä–º–∞–º–Ω—ã“£ —Å—Ç–∞—Ç—É—Å—ã","Status tugas saya","Mein Aufgabenstatus","BE","Bot"
"intent_find_document","Find document","–ù–∞–π—Ç–∏ –¥–æ–∫—É–º–µ–Ω—Ç","“ö“±–∂–∞—Ç —Ç–∞–±—É","Cari Dokumen","Dokument finden","BE","Bot"
"empty_field_note","Field cannot be empty","–ü–æ–ª–µ –Ω–µ –º–æ–∂–µ—Ç –±—ã—Ç—å –ø—É—Å—Ç—ã–º","”®—Ä—ñ—Å –±–æ—Å –±–æ–ª–º–∞—É—ã –∫–µ—Ä–µ–∫","Kolom tidak boleh kosong","Feld darf nicht leer sein","BE","Bot"
"task","Task","–ó–∞–¥–∞—á–∞","–¢–∞–ø—Å—ã—Ä–º–∞","Tugas","Aufgabe","BE","Bot"
"task_assignee","Assignee","–ò—Å–ø–æ–ª–Ω–∏—Ç–µ–ª—å","–û—Ä—ã–Ω–¥–∞—É—à—ã","Penerima tugas","Zust√§ndiger","BE","Bot"
"task_type","Task type","–¢–∏–ø –∑–∞–¥–∞—á–∏","–¢–∞–ø—Å—ã—Ä–º–∞ —Ç“Ø—Ä—ñ","Jenis tugas","Aufgabentyp","BE","Bot"
"task_type_personal","Personal","–õ–∏—á–Ω–∞—è","–ñ–µ–∫–µ","Pribadi","Pers√∂nliche","BE","Bot"
"task_type_project","Project","–ü—Ä–æ–µ–∫—Ç–Ω–∞—è","–ñ–æ–±–∞–ª–∞—Ä","Proyek","Projekt","BE","Bot"
"task_type_plans","Plans","–ü–ª–∞–Ω–æ–≤–∞—è","–ñ–æ—Å–ø–∞—Ä–ª–∞—Ä","Rencana","Pl√§ne","BE","Bot"
"task_duedate","Due date","–î–∞—Ç–∞ –∑–∞–≤–µ—Ä—à–µ–Ω–∏—è","–ê—è“õ—Ç–∞–ª—É—ã –∫–µ—Ä–µ–∫ –∫“Ø–Ω","Tenggat waktu","Erf√ºllungsdatum","BE","Bot"
"priority_label","Priority","–ü—Ä–∏–æ—Ä–∏—Ç–µ—Ç","–ë–∞—Å—ã–º–¥—ã“õ","Prioritas","Priorit√§t","BE","Bot"
"priority_low","Low","–ù–∏–∑–∫–∏–π","–¢”©–º–µ–Ω","Rendah","Niedrig","BE","Bot"
"priority_medium","Medium","–°—Ä–µ–¥–Ω–∏–π","–û—Ä—Ç–∞","Sedang","Mittel","BE","Bot"
"priority_high","High","–í—ã—Å–æ–∫–∏–π","–ñ–æ“ì–∞—Ä—ã","Tinggi","Hoch","BE","Bot"
"task_cancel","–°ancel","–ó–∞–∫—Ä—ã—Ç—å","–ë–∞—Å —Ç–∞—Ä—Ç—É","Batalkan","Abbrechen","BE","Bot"
"suggested_tasks","Would you like to receive AI task suggestions based on this meeting?","–•–æ—Ç–µ–ª–∏ –±—ã –≤—ã –ø–æ–ª—É—á–∏—Ç—å –ø—Ä–µ–¥–ª–æ–∂–µ–Ω–∏—è –∑–∞–¥–∞—á –æ—Ç –ò–ò –Ω–∞ –æ—Å–Ω–æ–≤–µ —ç—Ç–æ–π –≤—Å—Ç—Ä–µ—á–∏?","–ë“±–ª –∫–µ–∑–¥–µ—Å—É –Ω–µ–≥—ñ–∑—ñ–Ω–¥–µ –ñ–Ü –∂“Ø–π–µ—Å—ñ–Ω–µ–Ω —Ç–∞–ø—Å—ã—Ä–º–∞ “±—Å—ã–Ω—ã—Å—Ç–∞—Ä—ã–Ω –∞–ª“ì—ã“£—ã–∑ –∫–µ–ª–µ –º–µ?","Apakah Anda ingin menerima saran tugas AI berdasarkan pertemuan ini?","M√∂chten Sie auf Basis dieses Meetings AI-gest√ºtzte Aufgabenvorschl√§ge erhalten?","BE","Bot"
"hey_there","Hey there! I'm DAR Vis, your virtual AI assistant in the DAR Lean Ecosystem. My goal is to automate your daily tasks, save you time, and boost efficiency. Stay tuned and explore available commands.","–ü—Ä–∏–≤–µ—Ç! –Ø DAR Vis, –≤–∞—à –≤–∏—Ä—Ç—É–∞–ª—å–Ω—ã–π AI-–ø–æ–º–æ—â–Ω–∏–∫ –≤ —ç–∫–æ—Å–∏—Å—Ç–µ–º–µ DAR Lean. –ú–æ—è —Ü–µ–ª—å - –∞–≤—Ç–æ–º–∞—Ç–∏–∑–∏—Ä–æ–≤–∞—Ç—å –≤–∞—à–∏ –µ–∂–µ–¥–Ω–µ–≤–Ω—ã–µ –∑–∞–¥–∞—á–∏, —ç–∫–æ–Ω–æ–º–∏—Ç—å –≤–∞—à–µ –≤—Ä–µ–º—è –∏ –ø–æ–≤—ã—à–∞—Ç—å —ç—Ñ—Ñ–µ–∫—Ç–∏–≤–Ω–æ—Å—Ç—å. –û—Å—Ç–∞–≤–∞–π—Ç–µ—Å—å –Ω–∞ —Å–≤—è–∑–∏ –∏ –∏—Å—Å–ª–µ–¥—É–π—Ç–µ –¥–æ—Å—Ç—É–ø–Ω—ã–µ –∫–æ–º–∞–Ω–¥—ã.","–°”ô–ª–µ–º! –ú–µ–Ω DAR Lean –≠–∫–æ–∂“Ø–π–µ—Å—ñ–Ω–¥–µ–≥—ñ –≤–∏—Ä—Ç—É–∞–ª–¥—ã AI –∫”©–º–µ–∫—à—ñ“£—ñ–∑ DAR Vis–ø—ñ–Ω. –ú–µ–Ω—ñ“£ –º–∞“õ—Å–∞—Ç—ã–º - –∫“Ø–Ω–¥–µ–ª—ñ–∫—Ç—ñ —Ç–∞–ø—Å—ã—Ä–º–∞–ª–∞—Ä—ã“£—ã–∑–¥—ã –∞–≤—Ç–æ–º–∞—Ç—Ç–∞–Ω–¥—ã—Ä—É, —É–∞“õ—ã—Ç—Ç—ã “Ø–Ω–µ–º–¥–µ—É –∂”ô–Ω–µ —Ç–∏—ñ–º–¥—ñ–ª—ñ–∫—Ç—ñ –∞—Ä—Ç—Ç—ã—Ä—É. –ñ–∞“£–∞ –∫–æ–º–∞–Ω–¥–∞–ª–∞—Ä–¥—ã –∑–µ—Ä—Ç—Ç–µ—É–≥–µ –¥–∞–π—ã–Ω –±–æ–ª—ã“£—ã–∑.","Hallo! Ich bin DAR Vis, dein virtueller AI-Assistent im DAR Lean √ñkosystem. Mein Ziel ist es, deine t√§glichen Aufgaben zu automatisieren, dir Zeit zu sparen und die Effizienz zu steigern. Bleib dran und erkunde verf√ºgbare Befehle.","Hai! Saya DAR Vis, asisten AI virtual Anda di Ekosistem DAR Lean. Tujuan saya adalah untuk mengotomatisasi tugas harian Anda, menghemat waktu Anda, dan meningkatkan efisiensi. Tetaplah berinteraksi dan jelajahi perintah yang tersedia.","BE","Bot"
"request_error","Seems like there was an issue processing your request. Please try again.","–ü–æ—Ö–æ–∂–µ, –ø—Ä–∏ –æ–±—Ä–∞–±–æ—Ç–∫–µ –≤–∞—à–µ–≥–æ –∑–∞–ø—Ä–æ—Å–∞ –≤–æ–∑–Ω–∏–∫–ª–∞ –∫–∞–∫–∞—è-—Ç–æ –æ—à–∏–±–∫–∞. –ü–æ–ø—Ä–æ–±—É–π—Ç–µ –ø–æ–∑–∂–µ.","–°“±—Ä–∞–Ω—ã—Å—ã“£—ã–∑–¥—ã –æ—Ä—ã–Ω–¥–∞–ø –∂–∞—Ç“õ–∞–Ω–¥–∞ “õ–∞—Ç–µ —Ç–∞–±—ã–ª“ì–∞–Ω —Å–∏—è“õ—Ç—ã. “ö–∞–π—Ç–∞ –∫”©—Ä—ñ“£—ñ–∑—à—ñ. ","Ups! üõ†Ô∏è Sepertinya ada masalah saat memproses permintaan Anda. Silakan coba lagi.","Oops! üõ†Ô∏è Es scheint ein Problem bei der Bearbeitung Ihrer Anfrage gegeben zu haben. Bitte versuchen Sie es erneut.","BE","Bot"
"input_error","We couldn't understand your request. Make sure to use valid characters and try again.","–ú—ã –Ω–µ —Å–º–æ–≥–ª–∏ –ø–æ–Ω—è—Ç—å –≤–∞—à –∑–∞–ø—Ä–æ—Å. –£–±–µ–¥–∏—Ç–µ—Å—å, —á—Ç–æ –∏—Å–ø–æ–ª—å–∑—É–µ—Ç–µ –¥–æ–ø—É—Å—Ç–∏–º—ã–µ —Å–∏–º–≤–æ–ª—ã –∏ –ø–æ–ø—Ä–æ–±—É–π—Ç–µ –ø–æ–∑–¥–Ω–µ–µ","–°“±—Ä–∞–Ω—ã—Å—ã“£—ã–∑–¥—ã —Ç“Ø—Å—ñ–Ω–µ –∞–ª–º–∞–¥—ã“õ. –†“±“õ—Å–∞—Ç –µ—Ç—ñ–ª–≥–µ–Ω —Å–∏–º–≤–æ–ª–¥–∞—Ä–¥—ã “õ–æ–ª–¥–∞–Ω—ã–ø, “õ–∞–π—Ç–∞ –∫”©—Ä—É—ñ“£—ñ–∑–¥—ñ —Å“±—Ä–∞–π–º—ã–∑. ","Maaf, Kami tidak dapat memahami masukan Anda. Pastikan untuk menggunakan karakter yang benar dan coba lagi.","Es tut uns leid, wir konnten Ihre Anfrage nicht verstehen. Verwenden Sie bitte g√ºltige Zeichen und versuchen Sie es erneut.","BE","Bot"
"response_meeting_summary","Thanks for the clarification! Here is a summary of the meeting:","–°–ø–∞—Å–∏–±–æ –∑–∞ —É—Ç–æ—á–Ω–µ–Ω–∏–µ! –í–æ—Ç —Ä–µ–∑—é–º–µ –≤—Å—Ç—Ä–µ—á–∏","–ù–∞“õ—Ç—ã–ª–∞“ì–∞–Ω—ã“£—ã–∑“ì–∞ —Ä–∞—Ö–º–µ—Ç! –ö–µ–∑–¥–µ—Å—É —Ö–∞—Ç—Ç–∞–º–∞—Å—ã –º—ñ–Ω–µ–∫–µ–π:","Terima kasih atas klarifikasinya! Berikut adalah ringkasan pertemuan tersebut:","Vielen Dank f√ºr die Aufkl√§rung! Hier ist eine Besprechungszusammenfassung:","BE","Bot"
"here_suggested_tasks","Here are suggested tasks:","–í–æ—Ç –ø—Ä–µ–¥–ª–∞–≥–∞–µ–º—ã–µ –∑–∞–¥–∞—á–∏:","“∞—Å—ã–Ω—ã–ª“ì–∞–Ω —Ç–∞–ø—Å—ã—Ä–º–∞–ª–∞—Ä –º—ñ–Ω–µ–∫–µ–π: ","Berikut tugas yang disarankan:","hier_vorgeschlagene_Aufgaben","BE","Bot"
"missing_details","Okay, fill in missing details:","–•–æ—Ä–æ—à–æ, –∑–∞–ø–æ–ª–Ω–∏—Ç–µ –Ω–µ–¥–æ—Å—Ç–∞—é—â–∏–µ –¥–µ—Ç–∞–ª–∏:","–ñ–∞—Ä–∞–π–¥—ã, –∂–µ—Ç–ø–µ–≥–µ–Ω –¥–µ—Ç–∞–ª—å–¥–∞—Ä–¥—ã –∂–∞–∑–∞ –∫–µ—Ç—ñ“£—ñ–∑","Oke, isi bagian yang hilang","Okay, erg√§nzen Sie die fehlenden Details:","BE","Bot"
"what_can_i_do_more_for_you","What can I do for you?","–ß—Ç–æ —è –º–æ–≥—É —Å–¥–µ–ª–∞—Ç—å –¥–ª—è –≤–∞—Å?","–ë–∞—Å“õ–∞ –Ω–µ —ñ—Å—Ç–µ–π –∞–ª–∞–º—ã–Ω?","Apa lagi yang bisa saya lakukan untuk Anda?","Was kann ich noch f√ºr Sie tun?","BE","Bot"
"response_doc_search","Hey there! Which document are you looking for?","–ü—Ä–∏–≤–µ—Ç! –ö–∞–∫–æ–π –¥–æ–∫—É–º–µ–Ω—Ç –≤—ã –∏—â–∏—Ç–µ?","–°”ô–ª–µ–º! “ö–∞–Ω–¥–∞–π “õ“±–∂–∞—Ç –∫–µ—Ä–µ–∫?","Hi! Dokumen mana yang Anda inginkan?","Hallo, Alidar! Welches Dokument brauchen Sie?","BE","Bot"
"response_doc_search_answer_1","Based on your search for ""..."", here are the relevant documents:","–í–æ—Ç —Å–æ–æ—Ç–≤–µ—Ç–≤—É—é—â–∏–µ –¥–æ–∫—É–º–µ–Ω—Ç –ø–æ –∑–∞–ø—Ä–æ—Å—É ""..."":","""..."" —ñ–∑–¥–µ–≥–µ–Ω—ñ“£—ñ–∑ –±–æ–π—ã–Ω—à–∞ –º—ã–Ω–∞ “õ“±–∂–∞—Ç—Ç–∞—Ä–¥—ã —Ç–∞–ø—Ç—ã“õ:","Berdasarkan pencarian Anda untuk ""..."", berikut adalah dokumen yang relevan:","Ausgehend von Ihrer Suche nach ""..."" finden Sie hier die relevanten Dokumente:","BE","Bot"
"response_doc_search_answer_2","Searching your documents...","–ò—â—É –≤–∞—à–∏ –¥–æ–∫—É–º–µ–Ω—Ç—ã...","“ö“±–∂–∞—Ç—ã“£—ã–∑–¥—ã —ñ–∑–¥–µ–ø –∂–∞—Ç—ã—Ä–º—ã–Ω...","Saya mencari dokumen mengenai permintaan Anda...","Ich suche nach Dokumenten zu Ihrer Anfrage...","BE","Bot"
"document_download","Download","–°–∫–∞—á–∞—Ç—å","–ñ“Ø–∫—Ç–µ—É","Unduh","Herunterladen","BE","Bot"
"document_view","View in Drive","–ü–æ—Å–º–æ—Ç—Ä–µ—Ç—å –Ω–∞ –î–∏—Å–∫–µ","Drive-—Ç–µ –∫”©—Ä—É","Liat di Drive","Ansicht im Laufwerk","BE","Bot"
"goodbye_other_intents","Sad to see you go. Perhaps you could explore other options?","–ñ–∞–ª—å, —á—Ç–æ –≤—ã —É—Ö–æ–¥–∏—Ç–µ. –ú–æ–∂–µ—Ç, –ø–æ–ø—Ä–æ–±—É–µ—Ç–µ –∏–∑—É—á–∏—Ç—å –¥—Ä—É–≥–∏–µ –∑–∞–ø—Ä–æ—Å—ã?","–ö–µ—Ç—ñ–ø –±–∞—Ä–∞ –∂–∞—Ç“õ–∞–Ω—ã“£—ã–∑ ”©–∫—ñ–Ω—ñ—à—Ç—ñ. –ë”ô–ª–∫—ñ–º –±–∞—Å“õ–∞ –Ω”ô—Ä—Å–µ –±–∞–π“õ–∞–ø –∫”©—Ä—Å–µ—ñ–∑?","Sedih melihatmu pergi. Mungkin Anda mencoba maksud lain?","Schade, dass Sie gehen. Vielleicht versuchen Sie andere Absichten?","BE","Bot"
"tap_on_command","Click on the command","–ù–∞–∂–º–∏—Ç–µ –Ω–∞ –∫–æ–º–∞–Ω–¥—É","–ö–æ–º–∞–Ω–¥–∞–Ω—ã –±–∞—Å—ã“£—ã–∑","Klik pada perintah","Klicken Sie auf den Befehl","BE","Bot"
"here_is_your_meeting","Here is your meeting:","–í–æ—Ç –≤–∞—à–∞ –≤—Å—Ç—Ä–µ—á–∞:","–ö–µ–∑–¥–µ—Å—É—ñ“£—ñ–∑ –±–∞—Å—Ç–∞–ª—ã–ø –∂–∞—Ç—ã—Ä:","Berikut meeting Anda:","Hier ist Ihre Besprechung:","BE","Bot"
"error_rag_documents_not_found","No documents found for your request","–î–æ–∫—É–º–µ–Ω—Ç—ã –ø–æ –≤–∞—à–µ–º—É –∑–∞–ø—Ä–æ—Å—É –Ω–µ –Ω–∞–π–¥–µ–Ω—ã","–°—ñ–∑ —ñ–∑–¥–µ–≥–µ–Ω “õ“±–∂–∞—Ç —Ç–∞–±—ã–ª–º–∞–¥—ã","Tidak ada dokumen yang ditemukan dari pencarian Anda","Keine Dokumente zu Ihrer Anfrage gefunden","BE","Bot"
"specify_which_meeting_from_several_options","Specify the meeting","–£–∫–∞–∂–∏—Ç–µ –≤—Å—Ç—Ä–µ—á—É","–ö–µ–∑–¥–µ—Å—É –∞–Ω—ã“õ—Ç–∞–º–∞—Å—ã–Ω –∂–∞–∑—ã“£—ã–∑","Tentukan detil meetingnya","Geben Sie die Besprechung an","BE","Bot"
"suggest_tasks_after_meeting_summary","Would you like to receive tasks related to this meeting?","–ñ–µ–ª–∞–µ—Ç–µ –ø–æ–ª—É—á–∏—Ç—å –∑–∞–¥–∞—á–∏ –ø–æ —ç—Ç–æ–º—É –º–∏—Ç–∏–Ω–≥—É?","–û—Å—ã –∫–µ–∑–¥–µ—Å—É –±–æ–π—ã–Ω—à–∞ —Ç–∞–ø—Å—ã—Ä–º–∞–ª–∞—Ä –∞–ª“ì—ã“£—ã–∑ –∫–µ–ª–µ –º–µ?","Apakah Anda ingin menerima tugas yang terkait dengan pertemuan ini?","M√∂chten Sie Aufgaben im Zusammenhang mit dieser Besprechung erhalten?","BE","Bot"
"suggested_tasks","Here are the suggested tasks:","–í–æ—Ç –ø—Ä–µ–¥–ª–∞–≥–∞–µ–º—ã–µ –∑–∞–¥–∞—á–∏:","“∞—Å—ã–Ω—ã–ª“ì–∞–Ω —Ç–∞–ø—Å—ã—Ä–º–∞–ª–∞—Ä –º—ñ–Ω–µ–∫–µ–π: ","Berikut adalah tugas yang disarankan:","Hier sind die vorgeschlagenen Aufgaben:","BE","Bot"
"here_are_the_task_you_asked_for","Here is the task you requested:","–í–æ—Ç –∑–∞–¥–∞—á–∞, –∫–æ—Ç–æ—Ä—ã–µ –≤—ã –ø–æ–ø—Ä–æ—Å–∏–ª–∏:","–°—ñ–∑ —Å“±—Ä–∞“ì–∞–Ω —Ç–∞–ø—Å—ã—Ä–º–∞ –º—ñ–Ω–µ–∫–µ–π:","Inilah tugas yang Anda minta:","Hier ist die von Ihnen angeforderte Aufgabe:","BE","Bot"
"try_again_later","It appears there was an error in processing your request. Please try again later","–ü–æ—Ö–æ–∂–µ, –ø—Ä–∏ –æ–±—Ä–∞–±–æ—Ç–∫–µ –≤–∞—à–µ–≥–æ –∑–∞–ø—Ä–æ—Å–∞ –≤–æ–∑–Ω–∏–∫–ª–∞ –∫–∞–∫–∞—è-—Ç–æ –æ—à–∏–±–∫–∞. –ü–æ–ø—Ä–æ–±—É–π—Ç–µ –ø–æ–∑–∂–µ.","–°“±—Ä–∞–Ω—ã—Å—ã“£—ã–∑–¥—ã —ñ–∑–¥–µ–ø –∂–∞—Ç“õ–∞–Ω–¥–∞ “õ–∞—Ç–µ —Ç–∞–±—ã–ª“ì–∞–Ω —Å—ã“£–∞–π–ª—ã. –ö–µ–π—ñ–Ω “õ–∞–π—Ç–∞ –∫”©—Ä—ñ“£—ñ–∑","Tampaknya ada kesalahan dalam memproses permintaan Anda. Silakan coba lagi nanti","Es scheint ein Fehler bei der Bearbeitung Ihrer Anfrage aufgetreten zu sein. Bitte versuchen Sie es sp√§ter noch einmal","BE","Bot"
"empty_array","You do not have those tasks ","–£ –≤–∞—Å –Ω–µ—Ç —Ç–∞–∫–∏—Ö –∑–∞–¥–∞—á","–û–Ω–¥–∞–π —Ç–∞–ø—Å—ã—Ä–º–∞“£—ã–∑ –∂–æ“õ","Anda tidak memiliki tugas seperti itu","Sie haben solche Aufgaben nicht","BE","Bot"
"what_can_i_do_more_for_you","What else can I do for you?","–ß—Ç–æ —è –º–æ–≥—É –µ—â–µ —Å–¥–µ–ª–∞—Ç—å –¥–ª—è –≤–∞—Å?","–ë–∞—Å“õ–∞ –Ω–µ —ñ—Å—Ç–µ–π –∞–ª–∞–º—ã–Ω?","Apa lagi yang bisa saya lakukan untuk Anda?","Was kann ich noch f√ºr Sie tun?","BE","Bot"
"number_of_tasks","The number of tasks you have requested:","–ö–æ–ª–∏—á–µ—Å—Ç–≤–æ –∑–∞–ø—Ä–æ—à–µ–Ω–Ω—ã—Ö –≤–∞–º–∏ –∑–∞–¥–∞—á: ","–°—ñ–∑ —Å“±—Ä–∞“ì–∞–Ω —Ç–∞–ø—Å—ã—Ä–º–∞–ª–∞—Ä —Å–∞–Ω—ã:","Jumlah tugas yang Anda minta:","Die Anzahl der Aufgaben, die Sie angefordert haben:","BE","Bot"
"status_label","Status","–°—Ç–∞—Ç—Éc","–°—Ç–∞—Ç—Éc","Status","Status","BE","Bot"
"status_todo","To Do","–ù–æ–≤–∞—è","–ñ–∞“£–∞","To Do","Zu erledigen","BE","Bot"
"status_inprogress","In Progress","–í —Ä–∞–±–æ—Ç–µ","“ö–∞—Ä–∞–ª—ã–ø –∂–∞—Ç—ã—Ä","In Progress","In Bearbeitung","BE","Bot"
"status_check","Check","–ù–∞ –ø—Ä–æ–≤–µ—Ä–∫–µ","–¢–µ–∫—Å–µ—Ä—ñ–ª—ñ–ø –∂–∞—Ç—ã—Ä","Check","In √úberpr√ºfung","BE","Bot"
"status_done","Done","–ó–∞–≤–µ—Ä—à–µ–Ω–∞","–ê—è“õ—Ç–∞–ª–¥—ã","Done","Abgeschlossen","BE","Bot"
"status_cancel","Cancel","–û—Ç–º–µ–Ω–µ–Ω–∞","–¢–æ“õ—Ç–∞—Ç—ã–ª–¥—ã","Batal","Abgebrochen","BE","Bot"
"meeting_title","Meeting title","–ù–∞–∑–≤–∞–Ω–∏–µ –≤—Å—Ç—Ä–µ—á–∏","–ö–µ–∑–¥–µ—Å—É–¥—ñ“£ –∞—Ç–∞—É—ã","Judul Pertemuan","Titel des Meetings","BE","Bot"
"meeting_participants","Meeting participants","–£—á–∞—Å—Ç–Ω–∏–∫–∏ –≤—Å—Ç—Ä–µ—á–∏","–ö–µ–∑–¥–µ—Å—É–≥–µ “õ–∞—Ç—ã—Å—É—à—ã–ª–∞—Ä","Peserta Pertemuan","Teilnehmer des Meetings","BE","Bot"
"meeting_date","Meeting date","–î–∞—Ç–∞ –≤—Å—Ç—Ä–µ—á–∏","–ö–µ–∑–¥–µ—Å—É–¥—ñ“£ –∫“Ø–Ω—ñ","Tanggal Pertemuan","Datum des Meetings","BE","Bot"
"start_time","Start time","–í—Ä–µ–º—è –Ω–∞—á–∞–ª–∞","–ë–∞—Å—Ç–∞–ª—É —É–∞“õ—ã—Ç—ã","Waktu Mulai","Startzeit","BE","Bot"
"end_time","End time","–í—Ä–µ–º—è –æ–∫–æ–Ω—á–∞–Ω–∏—è","–ê—è“õ—Ç–∞–ª—É —É–∞“õ—ã—Ç—ã","–ê—è“õ—Ç–∞–ª—É —É–∞“õ—ã—Ç—ã","Endzeit","BE","Bot"
"cancelled_result","Cancelled!","–û—Ç–º–µ–Ω–µ–Ω–æ!","–ë–æ–ª–¥—ã—Ä–º–∞—É!","Dibatalkan!","Abgesagt!","BE","Bot"
"no_meeting_summary_recorded","We don't have any recorded meetings with transcriptions from your calendar so far. Turn on subtitles feature on your meeting and then you will have a summary recorded.","–ü–æ–∫–∞ –≤ –≤–∞—à–µ–º –∫–∞–ª–µ–Ω–¥–∞—Ä–µ –Ω–µ—Ç –∑–∞–ø–∏—Å–∞–Ω–Ω—ã—Ö –≤—Å—Ç—Ä–µ—á —Å —Ç—Ä–∞–Ω—Å–∫—Ä–∏–ø—Ü–∏—è–º–∏. –í–∫–ª—é—á–∏—Ç–µ —Ñ—É–Ω–∫—Ü–∏—é —Å—É–±—Ç–∏—Ç—Ä–æ–≤ –Ω–∞ –≤–∞—à–µ–π –≤—Å—Ç—Ä–µ—á–µ, –∏ —Ç–æ–≥–¥–∞ –±—É–¥–µ—Ç –∑–∞–ø–∏—Å–∞–Ω–æ —Ä–µ–∑—é–º–µ.","”ò–∑—ñ—Ä–≥–µ —Å—ñ–∑–¥—ñ“£ –∫“Ø–Ω—Ç—ñ–∑–±–µ“£—ñ–∑–¥–µ —Ç—Ä–∞–Ω—Å–∫—Ä–∏–ø—Ü–∏—è–ª–∞–Ω“ì–∞–Ω –∂–∞–∑—ã–ª“ì–∞–Ω –∫–µ–∑–¥–µ—Å—É–ª–µ—Ä –∂–æ“õ. –ö–µ–∑–¥–µ—Å—É –∫–µ–∑—ñ–Ω–¥–µ —Å—É–±—Ç–∏—Ç—Ä –º“Ø–º–∫—ñ–Ω–¥—ñ–≥—ñ–Ω “õ–æ—Å—ã“£—ã–∑, —Å–æ–Ω–¥–∞ “õ—ã—Å“õ–∞—à–∞ –∂–∞–∑–±–∞ –∂–∞—Å–∞–ª–∞–¥—ã.","Kami belum memiliki rapat yang direkam dengan transkripsi dari kalender Anda sejauh ini. Aktifkan fitur subtitle pada pertemuan Anda, dan Anda akan memiliki rangkuman yang direkam.","Wir haben bisher keine aufgezeichneten Meetings mit Transkriptionen aus Ihrem Kalender. Aktivieren Sie die Untertitelfunktion bei Ihrem Meeting, und dann wird eine Zusammenfassung aufgezeichnet.","BE","Bot"
"insufficient_funds","You have insufficient funds on your workspace balance to use Bot. Please explore how to top up your balance in the instruction: (link)","–ù–∞ –±–∞–ª–∞–Ω—Å–µ –≤–∞—à–µ–≥–æ —Ä–∞–±–æ—á–µ–≥–æ –ø—Ä–æ—Å—Ç—Ä–∞–Ω—Å—Ç–≤–∞ –Ω–µ–¥–æ—Å—Ç–∞—Ç–æ—á–Ω–æ —Å—Ä–µ–¥—Å—Ç–≤ –¥–ª—è –∏—Å–ø–æ–ª—å–∑–æ–≤–∞–Ω–∏—è –±–æ—Ç–∞. –ü–æ–∂–∞–ª—É–π—Å—Ç–∞, –æ–∑–Ω–∞–∫–æ–º—å—Ç–µ—Å—å —Å –∏–Ω—Å—Ç—Ä—É–∫—Ü–∏–µ–π –ø–æ –ø–æ–ø–æ–ª–Ω–µ–Ω–∏—é –±–∞–ª–∞–Ω—Å–∞: (—Å—Å—ã–ª–∫–∞).","–°—ñ–∑–¥—ñ“£ –∂“±–º—ã—Å –æ—Ä–Ω—ã“£—ã–∑–¥—ã“£ –±–∞–ª–∞–Ω—Å—ã–Ω–¥–∞ Bot-—Ç—ã –ø–∞–π–¥–∞–ª–∞–Ω—É “Ø—à—ñ–Ω –∂–µ—Ç–∫—ñ–ª—ñ–∫—Å—ñ–∑ “õ–∞—Ä–∞–∂–∞—Ç –±–∞—Ä. –ë–∞–ª–∞–Ω—Å—Ç—ã “õ–∞–ª–∞–π —Ç–æ–ª—Ç—ã—Ä—É –∫–µ—Ä–µ–∫—Ç—ñ–≥—ñ —Ç—É—Ä–∞–ª—ã –Ω“±—Å“õ–∞—É–ª—ã“õ–ø–µ–Ω —Ç–∞–Ω—ã—Å—ã“£—ã–∑: (—Å—ñ–ª—Ç–µ–º–µ).","Saldo di tempat kerja Anda tidak cukup untuk menggunakan Bot. Silakan jelajahi cara mengisi ulang saldo Anda dalam instruksi: (link).","Auf dem Guthaben Ihres Arbeitsbereichs sind unzureichende Mittel f√ºr die Nutzung des Bots vorhanden. Bitte erkunden Sie, wie Sie Ihr Guthaben aufladen k√∂nnen, in der Anleitung: (link).","BE","Bot"
"sufficient_funds","Your workspace balance has been topped up to use Bot.","–ë–∞–ª–∞–Ω—Å –≤–∞—à–µ–≥–æ —Ä–∞–±–æ—á–µ–≥–æ –ø—Ä–æ—Å—Ç—Ä–∞–Ω—Å—Ç–≤–∞ –±—ã–ª –ø–æ–ø–æ–ª–Ω–µ–Ω –¥–ª—è –∏—Å–ø–æ–ª—å–∑–æ–≤–∞–Ω–∏—è –±–æ—Ç–∞.","–ñ“±–º—ã—Å –æ—Ä–Ω—ã“£—ã–∑–¥—ã“£ –±–∞–ª–∞–Ω—Å—ã –±–æ—Ç—Ç—ã –ø–∞–π–¥–∞–ª–∞–Ω—É “Ø—à—ñ–Ω —Ç–æ–ª—Ç—ã—Ä—ã–ª–¥—ã.","Saldo area kerja Anda telah diisi ulang untuk menggunakan Bot.","Ihr Arbeitsbereichsguthaben wurde aufgeladen, um den Bot zu nutzen.","BE","Bot"
"remove_member","Remove member","–£–¥–∞–ª–∏—Ç—å —É—á–∞—Å—Ç–Ω–∏–∫–∞","“ö–∞—Ç—ã—Å—É—à—ã–Ω—ã ”©—à—ñ—Ä—É","Hapus anggota","Mitglied l√∂schen","FE","Chat"
"chat_start_message","Tap on Direct Chats or DAR Vis Bot to start conversation","–ù–∞–∂–º–∏—Ç–µ –Ω–∞ –õ–∏—á–Ω—ã–µ –°–æ–æ–±—â–µ–Ω–∏—è –∏–ª–∏ –±–æ—Ç–∞ –î–ê–† –í–∏—Å, —á—Ç–æ–±—ã –Ω–∞—á–∞—Ç—å –¥–∏–∞–ª–æ–≥","–î–∏–∞–ª–æ–≥ –±–∞—Å—Ç–∞—É “Ø—à—ñ–Ω –ñ–µ–∫–µ —Ö–∞–±–∞—Ä–ª–∞–º–∞–ª–∞—Ä –Ω–µ–º–µ—Å–µ DAR Vis –±–æ—Ç –±–∞—Ç—ã—Ä–º–∞—Å—ã–Ω –±–∞—Å—ã“£—ã–∑ ","Ketuk Obrolan Langsung atau DAR Vis Bot untuk memulai percakapan","Tippen Sie auf Direct Chats oder DAR Vis Bot, um ein Gespr√§ch zu beginnen.","FE","Chat"
"message_one","Message","–°–æ–æ–±—â–µ–Ω–∏–µ","–•–∞—Ç","Pesan","Nachricht","FE","Chat"
"message_plural","Messages","–°–æ–æ–±—â–µ–Ω–∏—è","–•–∞—Ç","Pesan","Nahrichren","FE","Chat"
"permanently_delete_question","Permanently delete this message?","–£–¥–∞–ª–∏—Ç—å —ç—Ç–æ —Å–æ–æ–±—â–µ–Ω–∏–µ –Ω–∞–≤—Å–µ–≥–¥–∞?","–û—Å—ã —Ö–∞—Ç—Ç—ã —Ç“Ø–±–µ–≥–µ–π–ª—ñ ”©—à—ñ—Ä—ñ–ø —Ç–∞—Å—Ç–∞“ì—ã“£—ã–∑ –∫–µ–ª–µ –º–µ?","Hapus pesan ini secara permanen?","Diese Nachricht endg√ºltig l√∂schen?","FE","Chat"
"action_invite","Invite","–ü—Ä–∏–≥–ª–∞—Å–∏—Ç—å","–®–∞“õ—ã—Ä—É","Undang","Einladen","FE","Chat"
"no_results","No matches","–ù–µ—Ç —Å–æ–≤–ø–∞–¥–µ–Ω–∏–π","–¢–∞–±—ã–ª–º–∞–¥—ã","Tidak ada yang cocok","Keine √úbereinstimmungen","FE","Chat"
"enter_name","Enter name","–í–≤–µ–¥–∏—Ç–µ –Ω–∞–∑–≤–∞–Ω–∏–µ","–ê—Ç–∞—É—ã–Ω –∂–∞–∑—ã“£—ã–∑","Masukkan nama","Geben Sie den Namen ein","FE","Chat"
"select_users","Select users","–í—ã–±–µ—Ä–∏—Ç–µ –ø–æ–ª—å–∑–æ–≤–∞—Ç–µ–ª–µ–π","“ö–æ–ª–¥–∞–Ω—É—à—ã–Ω—ã —Ç–∞“£–¥–∞“£—ã–∑","Pilih pengguna","Benutzer ausw√§hlen","FE","Chat"
"channel_created","Channel created","–ö–∞–Ω–∞–ª —Å–æ–∑–¥–∞–Ω","–ê—Ä–Ω–∞ –∞—à—ã–ª–¥—ã","Channel dibuat","Kanal erstellt","FE","Chat"
"channel_owner","Channel owner","–í–ª–∞–¥–µ–ª–µ—Ü –∫–∞–Ω–∞–ª–∞","–ê—Ä–Ω–∞ –∏–µ—Å—ñ","Pemilik channel","Eigent√ºmer des Kanals","FE","Chat"
"message_deleted_one","{{count}} message successfully deleted","{{count}} —Å–æ–æ–±—â–µ–Ω–∏–µ —É—Å–ø–µ—à–Ω–æ —É–¥–∞–ª–µ–Ω–æ","{{count}} —Ö–∞—Ç ”©—à—ñ—Ä—ñ–ª–¥—ñ","{{count}} pesan berhasil dihapus","{{count}} nachricht erfolgreich gel√∂scht","FE","Chat"
"message_deleted_few","{{count}} messages successfully deleted","{{count}} —Å–æ–æ–±—â–µ–Ω–∏—è —É—Å–ø–µ—à–Ω–æ —É–¥–∞–ª–µ–Ω—ã","{{count}} —Ö–∞—Ç ”©—à—ñ—Ä—ñ–ª–¥—ñ","{{count}} pesan berhasil dihapus","{{count}} nachrichten erfolgreich gel√∂scht","FE","Chat"
"message_deleted_many","{{count}} messages successfully deleted","{{count}} —Å–æ–æ–±—â–µ–Ω–∏–π —É—Å–ø–µ—à–Ω–æ —É–¥–∞–ª–µ–Ω–æ","{{count}} —Ö–∞—Ç ”©—à—ñ—Ä—ñ–ª–¥—ñ","{{count}} pesan berhasil dihapus","{{count}} nachrichten erfolgreich gel√∂scht","FE","Chat"
"message_deleted_plural","{{count}} messages successfully deleted","{{count}} —Å–æ–æ–±—â–µ–Ω–∏–π —É—Å–ø–µ—à–Ω–æ —É–¥–∞–ª–µ–Ω–æ","{{count}} —Ö–∞—Ç ”©—à—ñ—Ä—ñ–ª–¥—ñ","{{count}} pesan berhasil dihapus","{{count}} nachrichten erfolgreich gel√∂scht","FE","Chat"
"user_created_channel","@{{username}} created #{{channel}}","@{{username}} —Å–æ–∑–¥–∞–ª(–∞) #{{channel}}","@{{username}} #{{channel}} –∞—Ä–Ω–∞—Å—ã–Ω –∞—à—Ç—ã","@{{username}} membuat #{{channel}}","@{{username}} hat #{{channel}} erstellt","FE","Chat"
"added_users_to_channel","@{{username}} added {{users}} to the channel","@{{username}} –¥–æ–±–∞–≤–∏–ª(–∞) {{users}} –≤ –∫–∞–Ω–∞–ª","@{{username}} {{users}}-–Ω—ã –∞—Ä–Ω–∞“ì–∞ “õ–æ—Å—Ç—ã","@{{username}} menambahkan {{users}} ke channel","@ {username}} hat {{users}} zum Kanal hinzugef√ºgt","FE","Chat"
"user_removed_from_channel","@{{username}} was removed from channel","@{{username}} –±—ã–ª —É–¥–∞–ª–µ–Ω(–∞) –∏–∑ –∫–∞–Ω–∞–ª–∞","@{{username}} –∞—Ä–Ω–∞–¥–∞–Ω ”©—à—ñ—Ä—ñ–ª–¥—ñ","@{{username}} telah dihapus dari channel","@{{username}} wurde aus dem Kanal entfernt","FE","Chat"
"user_left_channel","@{{username}} has left the channel","@{{username}} –ø–æ–∫–∏–Ω—É–ª(–∞) –∫–∞–Ω–∞–ª","@{{username}} –∞—Ä–Ω–∞–¥–∞–Ω —à—ã“ì—ã–ø –∫–µ—Ç—Ç—ñ","@{{username}} telah meninggalkan channel","@{{username}} hat den Kanal verlassen","FE","Chat"
"user_renamed_channel","@{{username}} rename the channel from {{oldName}} to {{newName}}","@{{username}} –ø–µ—Ä–µ–∏–º–µ–Ω–æ–≤–∞–ª(–∞) –∫–∞–Ω–∞–ª —Å {{oldName}} –Ω–∞ {{newName}}","@{{username}} {{oldName}} –∞—Ä–Ω–∞—Å—ã–Ω—ã“£ –∞—Ç–∞—É—ã–Ω {{newName}} –µ—Ç—ñ–ø ”©–∑–≥–µ—Ä—Ç—Ç—ñ","@{{username}} mengganti nama channel dari {{oldName}} menjadi {{newName}}","@{{username}} hat den Kanal von {{oldName}} nach {{newName}} umbenannt","FE","Chat"
"edit_channel","Edit channel","–†–µ–¥–∞–∫—Ç–∏—Ä–æ–≤–∞—Ç—å –∫–∞–Ω–∞–ª","–ê—Ä–Ω–∞–Ω—ã ”©–∑–≥–µ—Ä—Ç—É","Edit channel","Kanal verlassen","FE","Chat"
"loading","Loading...","–ó–∞–≥—Ä—É–∑–∫–∞...","–ñ“Ø–∫—Ç–µ–ª—ñ–ø –∂–∞—Ç—ã—Ä...","Loadting...","Laden...","FE","Chat"
"created","Created","–°–æ–∑–¥–∞–Ω–æ","–ê—à—ã–ª–¥—ã","Dibuat","Erstellt","FE","Chat"
"cancelled","Cancelled","–û—Ç–º–µ–Ω–µ–Ω–æ","–ë–∞—Å —Ç–∞—Ä—Ç—Ç—ã","Dibatalkan","Abgebrochen","FE","Chat"
"error_empty","Can not be empty","–ù–µ –º–æ–∂–µ—Ç –±—ã—Ç—å –ø—É—Å—Ç—ã–º","–ú—ñ–Ω–¥–µ—Ç—Ç—ñ —Ç“Ø—Ä–¥–µ —Ç–æ–ª—Ç—ã—Ä—É –∫–µ—Ä–µ–∫","Tidak boleh kosong","Darf nicht leer sein","FE","Chat"
"error_min_length","Should contain at least {{minLength}} symbols","–î–æ–ª–∂–Ω–æ —Å–æ–¥–µ—Ä–∂–∞—Ç—å –º–∏–Ω–∏–º—É–º {{minLength}} —Å–∏–º–≤–æ–ª–æ–≤","–ñ–æ“õ –¥–µ–≥–µ–Ω–¥–µ {{minLength}} —Å–∏–º–≤–æ–ª –∂–∞–∑—É –∫–µ—Ä–µ–∫","Harus berisi setidaknya {{minLength}} simbol","Sollte mindestens {{minLength}} Symbole enthalten","FE","Chat"
"error_max_length","Should contain at most {{maxLength}} symbols","–î–æ–ª–∂–Ω–æ —Å–æ–¥–µ—Ä–∂–∞—Ç—å –º–∞–∫—Å–∏–º—É–º {{maxLength}} —Å–∏–º–≤–æ–ª–æ–≤","–ú–∞–∫—Å–∏–º—É–º {{maxLength}} —Å–∏–º–≤–æ–ª –∂–∞–∑—É –∫–µ—Ä–µ–∫","Harus berisi paling banyak {{maxLength}} simbol","Sollte h√∂chstens {{maxLength}} Symbole enthalten","FE","Chat"